{"min": [-0.531762, -0.862703, -0.277154], "max": [0.53264, 0.813521, 0.316029]}