{"min": [-0.482229, -0.653047, -0.577499], "max": [0.471856, 0.999571, 0.780108]}