{"min": [-0.491746, -0.745627, -0.480882], "max": [0.469248, 0.606473, 0.439215]}